Process,AvgCPU
cpu1,"18.690502047666975"
total,"18.401141346536622"
cpu0,"18.103753561743037"
